{
    "name": "root",
    "gauges": {
        "Drones.Policy.Entropy.mean": {
            "value": 1.8917418718338013,
            "min": 1.8917418718338013,
            "max": 1.8917418718338013,
            "count": 1
        },
        "Drones.Policy.ExtrinsicValueEstimate.mean": {
            "value": 0.5641233325004578,
            "min": 0.5641233325004578,
            "max": 0.5641233325004578,
            "count": 1
        },
        "Drones.Losses.ValueLoss.mean": {
            "value": 0.049857549369335175,
            "min": 0.049857549369335175,
            "max": 0.049857549369335175,
            "count": 1
        },
        "Drones.Losses.PolicyLoss.mean": {
            "value": 0.23969875276088715,
            "min": 0.23969875276088715,
            "max": 0.23969875276088715,
            "count": 1
        },
        "Drones.Policy.LearningRate.mean": {
            "value": 0.0002969664055854082,
            "min": 0.0002969664055854082,
            "max": 0.0002969664055854082,
            "count": 1
        },
        "Drones.Policy.Epsilon.mean": {
            "value": 0.19898881018161774,
            "min": 0.19898881018161774,
            "max": 0.19898881018161774,
            "count": 1
        },
        "Drones.Policy.Beta.mean": {
            "value": 0.0004950451548211277,
            "min": 0.0004950451548211277,
            "max": 0.0004950451548211277,
            "count": 1
        },
        "Drones.IsTraining.mean": {
            "value": 1.0,
            "min": 1.0,
            "max": 1.0,
            "count": 1
        }
    },
    "metadata": {
        "timer_format_version": "0.1.0",
        "start_time_seconds": "1599426632",
        "python_version": "3.7.9 (tags/v3.7.9:13c94747c7, Aug 17 2020, 18:58:18) [MSC v.1900 64 bit (AMD64)]",
        "command_line_arguments": "C:\\Users\\epcadm\\AppData\\Local\\Programs\\Python\\Python37\\Scripts\\mlagents-learn C:\\Users\\epcadm\\Documents\\Unity\\AITrainGround\\TenserflowConfig\\AITrainGround_config.yaml --run-id=DoIt3 --train",
        "mlagents_version": "0.19.0",
        "mlagents_envs_version": "0.19.0",
        "communication_protocol_version": "1.0.0",
        "tensorflow_version": "2.3.0",
        "numpy_version": "1.16.0",
        "end_time_seconds": "1599426881"
    },
    "total": 249.1928901,
    "count": 1,
    "self": 0.006795499999981303,
    "children": {
        "run_training.setup": {
            "total": 0.0063101999999999325,
            "count": 1,
            "self": 0.0063101999999999325
        },
        "TrainerController.start_learning": {
            "total": 249.17978440000002,
            "count": 1,
            "self": 0.575787100000781,
            "children": {
                "TrainerController._reset_env": {
                    "total": 13.4689699,
                    "count": 1,
                    "self": 13.4689699
                },
                "TrainerController.advance": {
                    "total": 234.61002319999926,
                    "count": 19916,
                    "self": 0.2963224999990075,
                    "children": {
                        "env_step": {
                            "total": 234.31370070000025,
                            "count": 19916,
                            "self": 218.55224679999986,
                            "children": {
                                "SubprocessEnvManager._take_step": {
                                    "total": 15.474329300000706,
                                    "count": 19916,
                                    "self": 0.5252930000015876,
                                    "children": {
                                        "TFPolicy.evaluate": {
                                            "total": 14.949036299999118,
                                            "count": 19916,
                                            "self": 14.949036299999118
                                        }
                                    }
                                },
                                "workers": {
                                    "total": 0.2871245999996983,
                                    "count": 19915,
                                    "self": 0.0,
                                    "children": {
                                        "worker_root": {
                                            "total": 235.67673410000046,
                                            "count": 19915,
                                            "is_parallel": true,
                                            "self": 115.86981720000024,
                                            "children": {
                                                "steps_from_proto": {
                                                    "total": 0.0005407999999995639,
                                                    "count": 1,
                                                    "is_parallel": true,
                                                    "self": 0.00027599999999949887,
                                                    "children": {
                                                        "_process_vector_observation": {
                                                            "total": 0.000264800000000065,
                                                            "count": 4,
                                                            "is_parallel": true,
                                                            "self": 0.000264800000000065
                                                        }
                                                    }
                                                },
                                                "UnityEnvironment.step": {
                                                    "total": 119.80637610000022,
                                                    "count": 19915,
                                                    "is_parallel": true,
                                                    "self": 1.8231713999994525,
                                                    "children": {
                                                        "UnityEnvironment._generate_step_input": {
                                                            "total": 1.2158750999997636,
                                                            "count": 19915,
                                                            "is_parallel": true,
                                                            "self": 1.2158750999997636
                                                        },
                                                        "communicator.exchange": {
                                                            "total": 110.72436440000145,
                                                            "count": 19915,
                                                            "is_parallel": true,
                                                            "self": 110.72436440000145
                                                        },
                                                        "steps_from_proto": {
                                                            "total": 6.042965199999555,
                                                            "count": 19915,
                                                            "is_parallel": true,
                                                            "self": 3.1593664000034636,
                                                            "children": {
                                                                "_process_vector_observation": {
                                                                    "total": 2.8835987999960917,
                                                                    "count": 79660,
                                                                    "is_parallel": true,