{
    "name": "root",
    "gauges": {
        "Drones.Policy.Entropy.mean": {
            "value": 0.3291754424571991,
            "min": 0.3291754424571991,
            "max": 2.1031277179718018,
            "count": 112
        },
        "Drones.Policy.ExtrinsicValueEstimate.mean": {
            "value": 2.5628764629364014,
            "min": -2.4160304069519043,
            "max": 2.6199183464050293,
            "count": 112
        },
        "Drones.Losses.ValueLoss.mean": {
            "value": 0.024719949811697006,
            "min": 0.003920902498066425,
            "max": 0.29500454664230347,
            "count": 112
        },
        "Drones.Losses.PolicyLoss.mean": {
            "value": 0.2171376645565033,
            "min": 0.2171376645565033,
            "max": 0.2579066753387451,
            "count": 112
        },
        "Drones.Policy.LearningRate.mean": {
            "value": 7.704969175392762e-05,
            "min": 7.704969175392762e-05,
            "max": 0.00029894759063608944,
            "count": 112
        },
        "Drones.Policy.Epsilon.mean": {
            "value": 0.12568318843841553,
            "min": 0.12568318843841553,
            "max": 0.1996491700410843,
            "count": 112
        },
        "Drones.Policy.Beta.mean": {
            "value": 0.0001358476874884218,
            "min": 0.0001358476874884218,
            "max": 0.0004982810351066291,
            "count": 112
        },
        "Drones.IsTraining.mean": {
            "value": 1.0,
            "min": 1.0,
            "max": 1.0,
            "count": 112
        }
    },
    "metadata": {
        "timer_format_version": "0.1.0",
        "start_time_seconds": "1599763554",
        "python_version": "3.7.9 (tags/v3.7.9:13c94747c7, Aug 17 2020, 18:58:18) [MSC v.1900 64 bit (AMD64)]",
        "command_line_arguments": "C:\\Users\\epcadm\\AppData\\Local\\Programs\\Python\\Python37\\Scripts\\mlagents-learn C:\\Users\\epcadm\\Documents\\Unity\\AITrainGround\\TenserflowConfig\\AITrainGround_config.yaml --run-id=doubleDrone4 --train",
        "mlagents_version": "0.19.0",
        "mlagents_envs_version": "0.19.0",
        "communication_protocol_version": "1.0.0",
        "tensorflow_version": "2.3.0",
        "numpy_version": "1.16.0",
        "end_time_seconds": "1599764408"
    },
    "total": 853.965882,
    "count": 1,
    "self": 0.006514300000048934,
    "children": {
        "run_training.setup": {
            "total": 0.020643200000000306,
            "count": 1,
            "self": 0.020643200000000306
        },
        "TrainerController.start_learning": {
            "total": 853.9387244999999,
            "count": 1,
            "self": 1.6376729999983581,
            "children": {
                "TrainerController._reset_env": {
                    "total": 19.1459227,
                    "count": 1,
                    "self": 19.1459227
                },
                "TrainerController.advance": {
                    "total": 832.8137872000016,
                    "count": 35351,
                    "self": 0.6384778000083315,
                    "children": {
                        "env_step": {
                            "total": 832.1753093999932,
                            "count": 35351,
                            "self": 777.0115506000027,
                            "children": {
                                "SubprocessEnvManager._take_step": {
                                    "total": 54.39760329999252,
                                    "count": 35351,
                                    "self": 1.8492462999866106,
                                    "children": {
                                        "TFPolicy.evaluate": {
                                            "total": 52.54835700000591,
                                            "count": 35351,
                                            "self": 52.54835700000591
                                        }
                                    }
                                },
                                "workers": {
                                    "total": 0.7661554999980602,
                                    "count": 35350,
                                    "self": 0.0,
                                    "children": {
                                        "worker_root": {
                                            "total": 833.9050101000022,
                                            "count": 35350,
                                            "is_parallel": true,
                                            "self": 364.24335780000365,
                                            "children": {
                                                "steps_from_proto": {
                                                    "total": 0.004053400000000096,
                                                    "count": 1,
                                                    "is_parallel": true,
                                                    "self": 0.0010460000000023228,
                                                    "children": {
                                                        "_process_vector_observation": {
                                                            "total": 0.003007399999997773,
                                                            "count": 4,
                                                            "is_parallel": true,
                                                            "self": 0.003007399999997773
                                                        }
                                                    }
                                                },
                                                "UnityEnvironment.step": {
                                                    "total": 469.65759889999856,
                                                    "count": 35350,
                                                    "is_parallel": true,
                                                    "self": 10.860574600005748,
                                                    "children": {
                                                        "UnityEnvironment._generate_step_input": {
                                                            "total": 14.452081400004683,
                                                            "count": 35350,
                                                            "is_parallel": true,
                                                            "self": 14.452081400004683
                                                        },
                                                        "communicator.exchange": {
                                                            "total": 408.91098219998986,
                                                            "count": 35350,
                                                            "is_parallel": true,
                                                            "self": 408.91098219998986
                                                        },
                                                        "steps_from_proto": {
                                                            "total": 35.433960699998316,
                                                            "count": 35350,
                                                            "is_parallel": true,
                                                            "self": 9.658889300009932,
                                                            "children": {
                                                                "_process_vector_observation": {
                                                                    "total": 25.775071399988384,
                                                                    "count": 141400,
                                                                    "is_parallel": true,